{
  "1": {
    "base_wr": 0.43478260869565216,
    "pick_rate": 0.001435705368289638,
    "trend_3patch": 0.0
  },
  "3": {
    "base_wr": 0.5159817351598174,
    "pick_rate": 0.006835205992509363,
    "trend_3patch": 0.0
  },
  "4": {
    "base_wr": 0.5,
    "pick_rate": 0.003745318352059925,
    "trend_3patch": 0.0
  },
  "5": {
    "base_wr": 0.5757575757575758,
    "pick_rate": 0.005149812734082397,
    "trend_3patch": 0.0
  },
  "6": {
    "base_wr": 0.5,
    "pick_rate": 0.008614232209737827,
    "trend_3patch": 0.0
  },
  "7": {
    "base_wr": 0.47333333333333333,
    "pick_rate": 0.0046816479400749065,
    "trend_3patch": 0.0
  },
  "8": {
    "base_wr": 0.5241935483870968,
    "pick_rate": 0.007740324594257179,
    "trend_3patch": 0.0
  },
  "9": {
    "base_wr": 0.5426356589147286,
    "pick_rate": 0.00402621722846442,
    "trend_3patch": 0.0
  },
  "10": {
    "base_wr": 0.48031496062992124,
    "pick_rate": 0.003963795255930087,
    "trend_3patch": 0.0
  },
  "11": {
    "base_wr": 0.5405405405405406,
    "pick_rate": 0.004619225967540574,
    "trend_3patch": 0.0
  },
  "12": {
    "base_wr": 0.45555555555555555,
    "pick_rate": 0.008426966292134831,
    "trend_3patch": 0.0
  },
  "13": {
    "base_wr": 0.4824561403508772,
    "pick_rate": 0.007116104868913857,
    "trend_3patch": 0.0
  },
  "14": {
    "base_wr": 0.47634069400630913,
    "pick_rate": 0.009893882646691636,
    "trend_3patch": 0.0
  },
  "15": {
    "base_wr": 0.5133928571428571,
    "pick_rate": 0.006991260923845194,
    "trend_3patch": 0.0
  },
  "16": {
    "base_wr": 0.5362318840579711,
    "pick_rate": 0.0064606741573033704,
    "trend_3patch": 0.0
  },
  "17": {
    "base_wr": 0.5777777777777777,
    "pick_rate": 0.0028089887640449437,
    "trend_3patch": 0.0
  },
  "18": {
    "base_wr": 0.5294117647058824,
    "pick_rate": 0.008489388264669164,
    "trend_3patch": 0.0
  },
  "19": {
    "base_wr": 0.5,
    "pick_rate": 0.002871410736579276,
    "trend_3patch": 0.0
  },
  "20": {
    "base_wr": 0.4805194805194805,
    "pick_rate": 0.004806491885143571,
    "trend_3patch": 0.0
  },
  "21": {
    "base_wr": 0.5,
    "pick_rate": 0.004744069912609238,
    "trend_3patch": 0.0
  },
  "22": {
    "base_wr": 0.4738562091503268,
    "pick_rate": 0.009550561797752809,
    "trend_3patch": 0.0
  },
  "23": {
    "base_wr": 0.5144927536231884,
    "pick_rate": 0.004307116104868914,
    "trend_3patch": 0.0
  },
  "24": {
    "base_wr": 0.5167785234899329,
    "pick_rate": 0.00930087390761548,
    "trend_3patch": 0.0
  },
  "25": {
    "base_wr": 0.5135135135135135,
    "pick_rate": 0.008083645443196005,
    "trend_3patch": 0.0
  },
  "26": {
    "base_wr": 0.5233644859813084,
    "pick_rate": 0.0033395755305867664,
    "trend_3patch": 0.0
  },
  "27": {
    "base_wr": 0.5118110236220472,
    "pick_rate": 0.003963795255930087,
    "trend_3patch": 0.0
  },
  "28": {
    "base_wr": 0.5666666666666667,
    "pick_rate": 0.0009363295880149813,
    "trend_3patch": 0.0
  },
  "29": {
    "base_wr": 0.49707602339181284,
    "pick_rate": 0.0053370786516853935,
    "trend_3patch": 0.0
  },
  "30": {
    "base_wr": 0.4943820224719101,
    "pick_rate": 0.002777777777777778,
    "trend_3patch": 0.0
  },
  "31": {
    "base_wr": 0.49,
    "pick_rate": 0.003121098626716604,
    "trend_3patch": 0.0
  },
  "32": {
    "base_wr": 0.5135135135135135,
    "pick_rate": 0.0011548064918851435,
    "trend_3patch": 0.0
  },
  "33": {
    "base_wr": 0.5617977528089888,
    "pick_rate": 0.002777777777777778,
    "trend_3patch": 0.0
  },
  "34": {
    "base_wr": 0.4943181818181818,
    "pick_rate": 0.005493133583021223,
    "trend_3patch": 0.0
  },
  "35": {
    "base_wr": 0.49295774647887325,
    "pick_rate": 0.006647940074906367,
    "trend_3patch": 0.0
  },
  "36": {
    "base_wr": 0.45806451612903226,
    "pick_rate": 0.004837702871410736,
    "trend_3patch": 0.0
  },
  "37": {
    "base_wr": 0.52,
    "pick_rate": 0.011704119850187267,
    "trend_3patch": 0.0
  },
  "38": {
    "base_wr": 0.5042016806722689,
    "pick_rate": 0.003714107365792759,
    "trend_3patch": 0.0
  },
  "39": {
    "base_wr": 0.46,
    "pick_rate": 0.006242197253433208,
    "trend_3patch": 0.0
  },
  "40": {
    "base_wr": 0.5196850393700787,
    "pick_rate": 0.007927590511860174,
    "trend_3patch": 0.0
  },
  "41": {
    "base_wr": 0.4765625,
    "pick_rate": 0.003995006242197253,
    "trend_3patch": 0.0
  },
  "43": {
    "base_wr": 0.46439628482972134,
    "pick_rate": 0.010081148564294632,
    "trend_3patch": 0.0
  },
  "44": {
    "base_wr": 0.48,
    "pick_rate": 0.001560549313358302,
    "trend_3patch": 0.0
  },
  "45": {
    "base_wr": 0.5230769230769231,
    "pick_rate": 0.004057428214731586,
    "trend_3patch": 0.0
  },
  "48": {
    "base_wr": 0.4626865671641791,
    "pick_rate": 0.0020911360799001247,
    "trend_3patch": 0.0
  },
  "50": {
    "base_wr": 0.5089820359281437,
    "pick_rate": 0.005212234706616729,
    "trend_3patch": 0.0
  },
  "51": {
    "base_wr": 0.4587628865979381,
    "pick_rate": 0.012109862671660424,
    "trend_3patch": 0.0
  },
  "53": {
    "base_wr": 0.5153846153846153,
    "pick_rate": 0.004057428214731586,
    "trend_3patch": 0.0
  },
  "54": {
    "base_wr": 0.4482758620689655,
    "pick_rate": 0.003620474406991261,
    "trend_3patch": 0.0
  },
  "55": {
    "base_wr": 0.5503355704697986,
    "pick_rate": 0.00465043695380774,
    "trend_3patch": 0.0
  },
  "56": {
    "base_wr": 0.44594594594594594,
    "pick_rate": 0.004619225967540574,
    "trend_3patch": 0.0
  },
  "58": {
    "base_wr": 0.4541284403669725,
    "pick_rate": 0.006803995006242197,
    "trend_3patch": 0.0
  },
  "59": {
    "base_wr": 0.4985835694050991,
    "pick_rate": 0.011017478152309614,
    "trend_3patch": 0.0
  },
  "60": {
    "base_wr": 0.3873239436619718,
    "pick_rate": 0.004431960049937578,
    "trend_3patch": 0.0
  },
  "61": {
    "base_wr": 0.5,
    "pick_rate": 0.007802746566791511,
    "trend_3patch": 0.0
  },
  "62": {
    "base_wr": 0.4810126582278481,
    "pick_rate": 0.004931335830212235,
    "trend_3patch": 0.0
  },
  "63": {
    "base_wr": 0.5727272727272728,
    "pick_rate": 0.003433208489388265,
    "trend_3patch": 0.0
  },
  "64": {
    "base_wr": 0.432258064516129,
    "pick_rate": 0.009675405742821473,
    "trend_3patch": 0.0
  },
  "67": {
    "base_wr": 0.5487179487179488,
    "pick_rate": 0.006086142322097378,
    "trend_3patch": 0.0
  },
  "68": {
    "base_wr": 0.47761194029850745,
    "pick_rate": 0.004182272159800249,
    "trend_3patch": 0.0
  },
  "69": {
    "base_wr": 0.5789473684210527,
    "pick_rate": 0.002372034956304619,
    "trend_3patch": 0.0
  },
  "74": {
    "base_wr": 0.34615384615384615,
    "pick_rate": 0.0008114856429463171,
    "trend_3patch": 0.0
  },
  "75": {
    "base_wr": 0.5428571428571428,
    "pick_rate": 0.002184769038701623,
    "trend_3patch": 0.0
  },
  "76": {
    "base_wr": 0.559322033898305,
    "pick_rate": 0.007365792759051186,
    "trend_3patch": 0.0
  },
  "77": {
    "base_wr": 0.4326923076923077,
    "pick_rate": 0.0032459425717852684,
    "trend_3patch": 0.0
  },
  "78": {
    "base_wr": 0.548,
    "pick_rate": 0.007802746566791511,
    "trend_3patch": 0.0
  },
  "80": {
    "base_wr": 0.4696969696969697,
    "pick_rate": 0.006179775280898876,
    "trend_3patch": 0.0
  },
  "81": {
    "base_wr": 0.5092250922509225,
    "pick_rate": 0.008458177278401997,
    "trend_3patch": 0.0
  },
  "82": {
    "base_wr": 0.4380952380952381,
    "pick_rate": 0.0032771535580524347,
    "trend_3patch": 0.0
  },
  "83": {
    "base_wr": 0.4875,
    "pick_rate": 0.0024968789013732834,
    "trend_3patch": 0.0
  },
  "84": {
    "base_wr": 0.47440273037542663,
    "pick_rate": 0.00914481897627965,
    "trend_3patch": 0.0
  },
  "85": {
    "base_wr": 0.5507246376811594,
    "pick_rate": 0.002153558052434457,
    "trend_3patch": 0.0
  },
  "86": {
    "base_wr": 0.5,
    "pick_rate": 0.0056179775280898875,
    "trend_3patch": 0.0
  },