{
  "1": {
    "base_wr": 0.42105263157894735,
    "pick_rate": 0.001611535199321459,
    "trend_3patch": 0.0
  },
  "3": {
    "base_wr": 0.5081967213114754,
    "pick_rate": 0.005173876166242579,
    "trend_3patch": 0.0
  },
  "4": {
    "base_wr": 0.4166666666666667,
    "pick_rate": 0.0030534351145038168,
    "trend_3patch": 0.0
  },
  "5": {
    "base_wr": 0.5277777777777778,
    "pick_rate": 0.0061068702290076335,
    "trend_3patch": 0.0
  },
  "6": {
    "base_wr": 0.38461538461538464,
    "pick_rate": 0.004410517387616625,
    "trend_3patch": 0.0
  },
  "7": {
    "base_wr": 0.43243243243243246,
    "pick_rate": 0.006276505513146734,
    "trend_3patch": 0.0
  },
  "8": {
    "base_wr": 0.42857142857142855,
    "pick_rate": 0.0053435114503816794,
    "trend_3patch": 0.0
  },
  "9": {
    "base_wr": 0.5714285714285714,
    "pick_rate": 0.004156064461407973,
    "trend_3patch": 0.0
  },
  "10": {
    "base_wr": 0.44,
    "pick_rate": 0.006361323155216285,
    "trend_3patch": 0.0
  },
  "11": {
    "base_wr": 0.5060240963855421,
    "pick_rate": 0.007039864291772688,
    "trend_3patch": 0.0
  },
  "12": {
    "base_wr": 0.4772727272727273,
    "pick_rate": 0.0037319762510602205,
    "trend_3patch": 0.0
  },
  "13": {
    "base_wr": 0.4788732394366197,
    "pick_rate": 0.006022052586938083,
    "trend_3patch": 0.0
  },
  "14": {
    "base_wr": 0.4782608695652174,
    "pick_rate": 0.007803223070398643,
    "trend_3patch": 0.0
  },
  "15": {
    "base_wr": 0.4342105263157895,
    "pick_rate": 0.006446140797285836,
    "trend_3patch": 0.0
  },
  "16": {
    "base_wr": 0.5955056179775281,
    "pick_rate": 0.007548770144189991,
    "trend_3patch": 0.0
  },
  "17": {
    "base_wr": 0.4431818181818182,
    "pick_rate": 0.007463952502120441,
    "trend_3patch": 0.0
  },
  "18": {
    "base_wr": 0.4788732394366197,
    "pick_rate": 0.006022052586938083,
    "trend_3patch": 0.0
  },
  "19": {
    "base_wr": 0.43478260869565216,
    "pick_rate": 0.0058524173027989825,
    "trend_3patch": 0.0
  },
  "20": {
    "base_wr": 0.5625,
    "pick_rate": 0.002714164546225615,
    "trend_3patch": 0.0
  },
  "21": {
    "base_wr": 0.5233644859813084,
    "pick_rate": 0.0090754877014419,
    "trend_3patch": 0.0
  },
  "22": {
    "base_wr": 0.48868778280542985,
    "pick_rate": 0.018744698897370654,
    "trend_3patch": 0.0
  },
  "23": {
    "base_wr": 0.49056603773584906,
    "pick_rate": 0.004495335029686175,
    "trend_3patch": 0.0
  },
  "24": {
    "base_wr": 0.44715447154471544,
    "pick_rate": 0.010432569974554707,
    "trend_3patch": 0.0
  },
  "25": {
    "base_wr": 0.5081081081081081,
    "pick_rate": 0.015691263782866838,
    "trend_3patch": 0.0
  },
  "26": {
    "base_wr": 0.5652173913043478,
    "pick_rate": 0.0039016115351993216,
    "trend_3patch": 0.0
  },
  "27": {
    "base_wr": 0.52,
    "pick_rate": 0.004240882103477523,
    "trend_3patch": 0.0
  },
  "28": {
    "base_wr": 0.6153846153846154,
    "pick_rate": 0.0022052586938083123,
    "trend_3patch": 0.0
  },
  "29": {
    "base_wr": 0.6477272727272727,
    "pick_rate": 0.007463952502120441,
    "trend_3patch": 0.0
  },
  "30": {
    "base_wr": 0.5217391304347826,
    "pick_rate": 0.0019508057675996608,
    "trend_3patch": 0.0
  },
  "31": {
    "base_wr": 0.582089552238806,
    "pick_rate": 0.005682782018659881,
    "trend_3patch": 0.0
  },
  "32": {
    "base_wr": 0.5584415584415584,
    "pick_rate": 0.006530958439355386,
    "trend_3patch": 0.0
  },
  "33": {
    "base_wr": 0.5517241379310345,
    "pick_rate": 0.0024597116200169634,
    "trend_3patch": 0.0
  },
  "34": {
    "base_wr": 0.40816326530612246,
    "pick_rate": 0.004156064461407973,
    "trend_3patch": 0.0
  },
  "35": {
    "base_wr": 0.3924050632911392,
    "pick_rate": 0.006700593723494487,
    "trend_3patch": 0.0
  },
  "36": {
    "base_wr": 0.5849056603773585,
    "pick_rate": 0.00899067005937235,
    "trend_3patch": 0.0
  },
  "37": {
    "base_wr": 0.4032258064516129,
    "pick_rate": 0.005258693808312129,
    "trend_3patch": 0.0
  },
  "38": {
    "base_wr": 0.5652173913043478,
    "pick_rate": 0.0019508057675996608,
    "trend_3patch": 0.0
  },
  "39": {
    "base_wr": 0.47761194029850745,
    "pick_rate": 0.005682782018659881,
    "trend_3patch": 0.0
  },
  "40": {
    "base_wr": 0.4222222222222222,
    "pick_rate": 0.003816793893129771,
    "trend_3patch": 0.0
  },
  "41": {
    "base_wr": 0.5192307692307693,
    "pick_rate": 0.004410517387616625,
    "trend_3patch": 0.0
  },
  "43": {
    "base_wr": 0.5217391304347826,
    "pick_rate": 0.007803223070398643,
    "trend_3patch": 0.0
  },
  "44": {
    "base_wr": 0.5,
    "pick_rate": 0.0013570822731128074,
    "trend_3patch": 0.0
  },
  "45": {
    "base_wr": 0.40789473684210525,
    "pick_rate": 0.006446140797285836,
    "trend_3patch": 0.0
  },
  "48": {
    "base_wr": 0.5,
    "pick_rate": 0.002544529262086514,
    "trend_3patch": 0.0
  },
  "50": {
    "base_wr": 0.41509433962264153,
    "pick_rate": 0.004495335029686175,
    "trend_3patch": 0.0
  },
  "51": {
    "base_wr": 0.49321266968325794,
    "pick_rate": 0.018744698897370654,
    "trend_3patch": 0.0
  },
  "53": {
    "base_wr": 0.4716981132075472,
    "pick_rate": 0.004495335029686175,
    "trend_3patch": 0.0
  },
  "54": {
    "base_wr": 0.6333333333333333,
    "pick_rate": 0.007633587786259542,
    "trend_3patch": 0.0
  },
  "55": {
    "base_wr": 0.5454545454545454,
    "pick_rate": 0.007463952502120441,
    "trend_3patch": 0.0
  },
  "56": {
    "base_wr": 0.5901639344262295,
    "pick_rate": 0.005173876166242579,
    "trend_3patch": 0.0
  },
  "58": {
    "base_wr": 0.5283018867924528,
    "pick_rate": 0.004495335029686175,
    "trend_3patch": 0.0
  },
  "59": {
    "base_wr": 0.5813953488372093,
    "pick_rate": 0.00729431721798134,
    "trend_3patch": 0.0
  },
  "60": {
    "base_wr": 0.6,
    "pick_rate": 0.0021204410517387615,
    "trend_3patch": 0.0
  },
  "61": {
    "base_wr": 0.5740740740740741,
    "pick_rate": 0.004580152671755725,
    "trend_3patch": 0.0
  },
  "62": {
    "base_wr": 0.5466666666666666,
    "pick_rate": 0.006361323155216285,
    "trend_3patch": 0.0
  },
  "63": {
    "base_wr": 0.4936708860759494,
    "pick_rate": 0.006700593723494487,
    "trend_3patch": 0.0
  },
  "64": {
    "base_wr": 0.42857142857142855,
    "pick_rate": 0.0071246819338422395,
    "trend_3patch": 0.0
  },
  "67": {
    "base_wr": 0.4642857142857143,
    "pick_rate": 0.009499575911789652,
    "trend_3patch": 0.0
  },
  "68": {
    "base_wr": 0.5517241379310345,
    "pick_rate": 0.0024597116200169634,
    "trend_3patch": 0.0
  },
  "69": {
    "base_wr": 0.5294117647058824,
    "pick_rate": 0.002883799830364716,
    "trend_3patch": 0.0
  },
  "74": {
    "base_wr": 0.5625,
    "pick_rate": 0.0013570822731128074,
    "trend_3patch": 0.0
  },
  "75": {
    "base_wr": 0.5409836065573771,
    "pick_rate": 0.005173876166242579,
    "trend_3patch": 0.0
  },
  "76": {
    "base_wr": 0.4411764705882353,
    "pick_rate": 0.002883799830364716,
    "trend_3patch": 0.0
  },
  "77": {
    "base_wr": 0.48148148148148145,
    "pick_rate": 0.004580152671755725,
    "trend_3patch": 0.0
  },
  "78": {
    "base_wr": 0.4576271186440678,
    "pick_rate": 0.005004240882103477,
    "trend_3patch": 0.0
  },
  "80": {
    "base_wr": 0.4811320754716981,
    "pick_rate": 0.00899067005937235,
    "trend_3patch": 0.0
  },
  "81": {
    "base_wr": 0.5,
    "pick_rate": 0.007803223070398643,
    "trend_3patch": 0.0
  },
  "82": {
    "base_wr": 0.5869565217391305,
    "pick_rate": 0.007803223070398643,
    "trend_3patch": 0.0
  },
  "83": {
    "base_wr": 0.4909090909090909,
    "pick_rate": 0.004664970313825276,
    "trend_3patch": 0.0
  },
  "84": {
    "base_wr": 0.536,
    "pick_rate": 0.010602205258693808,
    "trend_3patch": 0.0
  },
  "85": {
    "base_wr": 0.5961538461538461,
    "pick_rate": 0.004410517387616625,
    "trend_3patch": 0.0
  },
  "86": {
    "base_wr": 0.46511627906976744,
    "pick_rate": 0.01094147582697201,