{
  "1": {
    "base_wr": 0.5925925925925926,
    "pick_rate": 0.0023116438356164384,
    "trend_3patch": 0.0
  },
  "3": {
    "base_wr": 0.4915254237288136,
    "pick_rate": 0.005051369863013699,
    "trend_3patch": 0.0
  },
  "4": {
    "base_wr": 0.5,
    "pick_rate": 0.003595890410958904,
    "trend_3patch": 0.0
  },
  "5": {
    "base_wr": 0.5454545454545454,
    "pick_rate": 0.0056506849315068495,
    "trend_3patch": 0.0
  },
  "6": {
    "base_wr": 0.620253164556962,
    "pick_rate": 0.006763698630136986,
    "trend_3patch": 0.0
  },
  "7": {
    "base_wr": 0.4444444444444444,
    "pick_rate": 0.003852739726027397,
    "trend_3patch": 0.0
  },
  "8": {
    "base_wr": 0.40425531914893614,
    "pick_rate": 0.004023972602739726,
    "trend_3patch": 0.0
  },
  "9": {
    "base_wr": 0.5192307692307693,
    "pick_rate": 0.004452054794520548,
    "trend_3patch": 0.0
  },
  "10": {
    "base_wr": 0.6338028169014085,
    "pick_rate": 0.006078767123287671,
    "trend_3patch": 0.0
  },
  "11": {
    "base_wr": 0.46357615894039733,
    "pick_rate": 0.012928082191780823,
    "trend_3patch": 0.0
  },
  "12": {
    "base_wr": 0.375,
    "pick_rate": 0.0027397260273972603,
    "trend_3patch": 0.0
  },
  "13": {
    "base_wr": 0.47368421052631576,
    "pick_rate": 0.0032534246575342467,
    "trend_3patch": 0.0
  },
  "14": {
    "base_wr": 0.4672897196261682,
    "pick_rate": 0.00916095890410959,
    "trend_3patch": 0.0
  },
  "15": {
    "base_wr": 0.5098039215686274,
    "pick_rate": 0.004366438356164384,
    "trend_3patch": 0.0
  },
  "16": {
    "base_wr": 0.4107142857142857,
    "pick_rate": 0.004794520547945206,
    "trend_3patch": 0.0
  },
  "17": {
    "base_wr": 0.5189873417721519,
    "pick_rate": 0.013527397260273973,
    "trend_3patch": 0.0
  },
  "18": {
    "base_wr": 0.4444444444444444,
    "pick_rate": 0.007705479452054794,
    "trend_3patch": 0.0
  },
  "19": {
    "base_wr": 0.4931506849315068,
    "pick_rate": 0.0125,
    "trend_3patch": 0.0
  },
  "20": {
    "base_wr": 0.5106382978723404,
    "pick_rate": 0.004023972602739726,
    "trend_3patch": 0.0
  },
  "21": {
    "base_wr": 0.5071090047393365,
    "pick_rate": 0.018065068493150684,
    "trend_3patch": 0.0
  },
  "22": {
    "base_wr": 0.5045454545454545,
    "pick_rate": 0.018835616438356163,
    "trend_3patch": 0.0
  },
  "23": {
    "base_wr": 0.5106382978723404,
    "pick_rate": 0.004023972602739726,
    "trend_3patch": 0.0
  },
  "24": {
    "base_wr": 0.5190839694656488,
    "pick_rate": 0.011215753424657535,
    "trend_3patch": 0.0
  },
  "25": {
    "base_wr": 0.5,
    "pick_rate": 0.017123287671232876,
    "trend_3patch": 0.0
  },
  "26": {
    "base_wr": 0.5384615384615384,
    "pick_rate": 0.002226027397260274,
    "trend_3patch": 0.0
  },
  "27": {
    "base_wr": 0.4473684210526316,
    "pick_rate": 0.0032534246575342467,
    "trend_3patch": 0.0
  },
  "28": {
    "base_wr": 0.5714285714285714,
    "pick_rate": 0.002397260273972603,
    "trend_3patch": 0.0
  },
  "29": {
    "base_wr": 0.4782608695652174,
    "pick_rate": 0.0059075342465753425,
    "trend_3patch": 0.0
  },
  "30": {
    "base_wr": 0.5517241379310345,
    "pick_rate": 0.0024828767123287673,
    "trend_3patch": 0.0
  },
  "31": {
    "base_wr": 0.5416666666666666,
    "pick_rate": 0.0061643835616438354,
    "trend_3patch": 0.0
  },
  "32": {
    "base_wr": 0.611764705882353,
    "pick_rate": 0.007277397260273972,
    "trend_3patch": 0.0
  },
  "33": {
    "base_wr": 0.55,
    "pick_rate": 0.003424657534246575,
    "trend_3patch": 0.0
  },
  "34": {
    "base_wr": 0.6785714285714286,
    "pick_rate": 0.002397260273972603,
    "trend_3patch": 0.0
  },
  "35": {
    "base_wr": 0.6219512195121951,
    "pick_rate": 0.007020547945205479,
    "trend_3patch": 0.0
  },
  "36": {
    "base_wr": 0.49612403100775193,
    "pick_rate": 0.011044520547945205,
    "trend_3patch": 0.0
  },
  "37": {
    "base_wr": 0.5869565217391305,
    "pick_rate": 0.003938356164383562,
    "trend_3patch": 0.0
  },
  "38": {
    "base_wr": 0.6666666666666666,
    "pick_rate": 0.0012842465753424657,
    "trend_3patch": 0.0
  },
  "39": {
    "base_wr": 0.4666666666666667,
    "pick_rate": 0.006421232876712328,
    "trend_3patch": 0.0
  },
  "40": {
    "base_wr": 0.7272727272727273,
    "pick_rate": 0.0028253424657534248,
    "trend_3patch": 0.0
  },
  "41": {
    "base_wr": 0.37142857142857144,
    "pick_rate": 0.0029965753424657533,
    "trend_3patch": 0.0
  },
  "43": {
    "base_wr": 0.5714285714285714,
    "pick_rate": 0.004794520547945206,
    "trend_3patch": 0.0
  },
  "44": {
    "base_wr": 0.46153846153846156,
    "pick_rate": 0.002226027397260274,
    "trend_3patch": 0.0
  },
  "45": {
    "base_wr": 0.5804195804195804,
    "pick_rate": 0.012243150684931507,
    "trend_3patch": 0.0
  },
  "48": {
    "base_wr": 0.5,
    "pick_rate": 0.005136986301369863,
    "trend_3patch": 0.0
  },
  "50": {
    "base_wr": 0.5797101449275363,
    "pick_rate": 0.0059075342465753425,
    "trend_3patch": 0.0
  },
  "51": {
    "base_wr": 0.49624060150375937,
    "pick_rate": 0.022773972602739726,
    "trend_3patch": 0.0
  },
  "53": {
    "base_wr": 0.5925925925925926,
    "pick_rate": 0.004623287671232877,
    "trend_3patch": 0.0
  },
  "54": {
    "base_wr": 0.4796747967479675,
    "pick_rate": 0.01053082191780822,
    "trend_3patch": 0.0
  },
  "55": {
    "base_wr": 0.4461538461538462,
    "pick_rate": 0.005565068493150685,
    "trend_3patch": 0.0
  },
  "56": {
    "base_wr": 0.49230769230769234,
    "pick_rate": 0.005565068493150685,
    "trend_3patch": 0.0
  },
  "58": {
    "base_wr": 0.4791666666666667,
    "pick_rate": 0.00410958904109589,
    "trend_3patch": 0.0
  },
  "59": {
    "base_wr": 0.5529411764705883,
    "pick_rate": 0.007277397260273972,
    "trend_3patch": 0.0
  },
  "60": {
    "base_wr": 0.42857142857142855,
    "pick_rate": 0.0011986301369863014,
    "trend_3patch": 0.0
  },
  "61": {
    "base_wr": 0.5106382978723404,
    "pick_rate": 0.004023972602739726,
    "trend_3patch": 0.0
  },
  "62": {
    "base_wr": 0.5957446808510638,
    "pick_rate": 0.004023972602739726,
    "trend_3patch": 0.0
  },
  "63": {
    "base_wr": 0.5042016806722689,
    "pick_rate": 0.010188356164383561,
    "trend_3patch": 0.0
  },
  "64": {
    "base_wr": 0.5,
    "pick_rate": 0.00410958904109589,
    "trend_3patch": 0.0
  },
  "67": {
    "base_wr": 0.5157894736842106,
    "pick_rate": 0.008133561643835616,
    "trend_3patch": 0.0
  },
  "68": {
    "base_wr": 0.35,
    "pick_rate": 0.0017123287671232876,
    "trend_3patch": 0.0
  },
  "69": {
    "base_wr": 0.7407407407407407,
    "pick_rate": 0.0023116438356164384,
    "trend_3patch": 0.0
  },
  "74": {
    "base_wr": 0.5094339622641509,
    "pick_rate": 0.004537671232876712,
    "trend_3patch": 0.0
  },
  "75": {
    "base_wr": 0.5280898876404494,
    "pick_rate": 0.00761986301369863,
    "trend_3patch": 0.0
  },
  "76": {
    "base_wr": 0.44,
    "pick_rate": 0.0021404109589041095,
    "trend_3patch": 0.0
  },
  "77": {
    "base_wr": 0.5208333333333334,
    "pick_rate": 0.00410958904109589,
    "trend_3patch": 0.0
  },
  "78": {
    "base_wr": 0.4716981132075472,
    "pick_rate": 0.004537671232876712,
    "trend_3patch": 0.0
  },
  "80": {
    "base_wr": 0.5348837209302325,
    "pick_rate": 0.007363013698630137,
    "trend_3patch": 0.0
  },
  "81": {
    "base_wr": 0.45054945054945056,
    "pick_rate": 0.007791095890410959,
    "trend_3patch": 0.0
  },
  "82": {
    "base_wr": 0.5241935483870968,
    "pick_rate": 0.010616438356164383,
    "trend_3patch": 0.0
  },
  "83": {
    "base_wr": 0.5494505494505495,
    "pick_rate": 0.007791095890410959,
    "trend_3patch": 0.0
  },
  "84": {
    "base_wr": 0.42857142857142855,
    "pick_rate": 0.00839041095890411,
    "trend_3patch": 0.0
  },
  "85": {
    "base_wr": 0.55,
    "pick_rate": 0.0017123287671232876,
    "trend_3patch": 0.0
  },
  "86": {
    "base_wr": 0.4689655172413793,
    "pick_rate": 0.012414383561643835,