{
  "elo": "mid",
  "model_type": "xgb",
  "timestamp": "2025-11-01T13:05:07.998127",
  "features": 3309,
  "train_size": 2626,
  "test_size": 292,
  "calibrated": true,
  "calibrator_method": "isotonic",
  "target_blue_win_rate": 0.575,
  "source_patch": "15.20",
  "feature_mode": "basic",
  "model_file": "draft_mid_xgb_20251101_130507.pkl",
  "calibrator_file": "calibrator_mid_20251101_130507.pkl",
  "metrics": {
    "roc_auc_raw": 0.8084507042253521,
    "roc_auc_calibrated": 0.8081220657276995,
    "log_loss_raw": 0.5142084558113791,
    "log_loss_calibrated": 0.5191033780396783,
    "brier_raw": 0.1709286199010275,
    "brier_calibrated": 0.17210994546261835,
    "ece_raw": 0.057616611355788085,
    "ece_calibrated": 0.04219963997916701,
    "blue_win_rate_raw": 0.660958904109589,
    "blue_win_rate_calibrated": 0.6746575342465754,
    "target_blue_win_rate": 0.575
  },
  "params": {
    "objective": "binary:logistic",
    "eval_metric": "logloss",
    "n_estimators": 500,
    "subsample": 0.7,
    "colsample_bytree": 0.6,
    "learning_rate": 0.05,
    "max_depth": 3,
    "min_child_weight": 10,
    "gamma": 0.5,
    "reg_lambda": 10.0,
    "reg_alpha": 5.0,
    "random_state": 42,
    "verbosity": 0,
    "n_jobs": -1,
    "use_label_encoder": false
  }
}