{
  "elo": "low",
  "model_type": "xgb",
  "timestamp": "2025-11-01T12:53:47.649153",
  "features": 3309,
  "train_size": 2338,
  "test_size": 260,
  "calibrated": true,
  "calibrator_method": "isotonic",
  "target_blue_win_rate": 0.575,
  "source_patch": "15.20",
  "feature_mode": "basic",
  "model_file": "draft_low_xgb_20251101_125347.pkl",
  "calibrator_file": "calibrator_low_20251101_125347.pkl",
  "metrics": {
    "roc_auc_raw": 0.7161928601227725,
    "roc_auc_calibrated": 0.7161928601227725,
    "log_loss_raw": 0.5658243903131418,
    "log_loss_calibrated": 0.5688967241526945,
    "brier_raw": 0.19104334162234254,
    "brier_calibrated": 0.1918074822467185,
    "ece_raw": 0.05574938428516572,
    "ece_calibrated": 0.049411586624097725,
    "blue_win_rate_raw": 0.7115384615384616,
    "blue_win_rate_calibrated": 0.7115384615384616,
    "target_blue_win_rate": 0.575
  },
  "params": {
    "objective": "binary:logistic",
    "eval_metric": "logloss",
    "n_estimators": 500,
    "subsample": 0.7,
    "colsample_bytree": 0.6,
    "learning_rate": 0.05,
    "max_depth": 3,
    "min_child_weight": 8,
    "gamma": 0.5,
    "reg_lambda": 10.0,
    "reg_alpha": 5.0,
    "random_state": 42,
    "verbosity": 0,
    "n_jobs": -1,
    "use_label_encoder": false
  }
}