{
  "elo": "mid",
  "model_type": "xgb",
  "timestamp": "2025-11-01T16:42:37.798963",
  "features": 3469,
  "train_size": 2626,
  "test_size": 292,
  "calibrated": true,
  "calibrator_method": "isotonic",
  "target_blue_win_rate": 0.6,
  "source_patch": "15.21",
  "feature_mode": "basic",
  "model_file": "draft_mid_xgb_20251101_164237.pkl",
  "calibrator_file": "calibrator_mid_20251101_164237.pkl",
  "metrics": {
    "roc_auc_raw": 0.8028638497652583,
    "roc_auc_calibrated": 0.8025821596244131,
    "log_loss_raw": 0.5139319873143214,
    "log_loss_calibrated": 0.5229964816259592,
    "brier_raw": 0.17067768672908842,
    "brier_calibrated": 0.173355974013515,
    "ece_raw": 0.057092087113693964,
    "ece_calibrated": 0.06845781829927382,
    "blue_win_rate_raw": 0.6643835616438356,
    "blue_win_rate_calibrated": 0.6746575342465754,
    "target_blue_win_rate": 0.6
  },
  "params": {
    "objective": "binary:logistic",
    "eval_metric": "logloss",
    "n_estimators": 500,
    "subsample": 0.7,
    "colsample_bytree": 0.6,
    "learning_rate": 0.05,
    "max_depth": 3,
    "min_child_weight": 12,
    "gamma": 0.5,
    "reg_lambda": 10.0,
    "reg_alpha": 5.0,
    "random_state": 42,
    "verbosity": 0,
    "n_jobs": -1,
    "use_label_encoder": false
  }
}